id,label
0,Panic Disorder
1,Panic Disorder
2,Panic Disorder
3,Panic Disorder
4,Panic Disorder
5,Panic Disorder
6,Panic Disorder
7,Panic Disorder
8,Panic Disorder
9,Panic Disorder
10,Panic Disorder
11,Panic Disorder
12,Panic Disorder
13,Panic Disorder
14,Panic Disorder
15,Panic Disorder
16,Panic Disorder
17,Panic Disorder
18,Panic Disorder
19,Panic Disorder
20,Panic Disorder
21,Panic Disorder
22,Panic Disorder
23,Panic Disorder
24,Panic Disorder
25,Panic Disorder
26,Panic Disorder
27,Panic Disorder
28,Panic Disorder
29,Panic Disorder
30,Panic Disorder
31,Panic Disorder
32,Panic Disorder
33,Panic Disorder
34,Panic Disorder
35,Panic Disorder
36,Panic Disorder
37,Panic Disorder
38,Panic Disorder
39,Panic Disorder
40,Panic Disorder
41,Panic Disorder
42,Panic Disorder
43,Panic Disorder
44,Panic Disorder
45,Panic Disorder
46,Panic Disorder
47,Panic Disorder
48,Panic Disorder
49,Panic Disorder
50,Panic Disorder
51,Panic Disorder
52,Panic Disorder
53,Panic Disorder
54,Panic Disorder
55,Panic Disorder
56,Panic Disorder
57,Panic Disorder
58,Panic Disorder
59,Panic Disorder
60,Panic Disorder
61,Panic Disorder
62,Panic Disorder
63,Panic Disorder
64,Panic Disorder
65,Panic Disorder
66,Panic Disorder
67,Panic Disorder
68,Panic Disorder
69,Panic Disorder
70,Panic Disorder
71,Panic Disorder
72,Panic Disorder
73,Panic Disorder
74,Panic Disorder
75,Panic Disorder
76,Panic Disorder
77,Panic Disorder
78,Panic Disorder
79,Panic Disorder
80,Panic Disorder
81,Panic Disorder
82,Panic Disorder
83,Panic Disorder
84,Panic Disorder
85,Panic Disorder
86,Panic Disorder
87,Panic Disorder
88,Panic Disorder
89,Panic Disorder
90,Panic Disorder
91,Panic Disorder
92,Panic Disorder
93,Panic Disorder
94,Panic Disorder
95,Panic Disorder
96,Panic Disorder
97,Panic Disorder
98,Panic Disorder
99,Panic Disorder
100,Panic Disorder
101,Panic Disorder
102,Panic Disorder
103,Panic Disorder
104,Panic Disorder
105,Panic Disorder
106,Panic Disorder
107,Panic Disorder
108,Panic Disorder
109,Panic Disorder
110,Panic Disorder
111,Panic Disorder
112,Panic Disorder
113,Panic Disorder
114,Panic Disorder
115,Panic Disorder
116,Panic Disorder
117,Panic Disorder
118,Panic Disorder
119,Panic Disorder
120,Panic Disorder
121,Panic Disorder
122,Panic Disorder
123,Panic Disorder
124,Panic Disorder
125,Panic Disorder
126,Panic Disorder
127,Panic Disorder
128,Panic Disorder
129,Panic Disorder
130,Panic Disorder
131,Panic Disorder
132,Panic Disorder
133,Panic Disorder
134,Panic Disorder
135,Panic Disorder
136,Panic Disorder
137,Panic Disorder
138,Panic Disorder
139,Panic Disorder
140,Panic Disorder
141,Panic Disorder
142,Panic Disorder
143,Panic Disorder
144,Panic Disorder
145,Panic Disorder
146,Panic Disorder
147,Panic Disorder
148,Panic Disorder
149,Panic Disorder
150,Panic Disorder
151,Panic Disorder
152,Panic Disorder
153,Panic Disorder
154,Panic Disorder
155,Panic Disorder
156,Panic Disorder
157,Panic Disorder
158,Panic Disorder
159,Panic Disorder
160,Panic Disorder
161,Panic Disorder
162,Panic Disorder
163,Panic Disorder
164,Panic Disorder
165,Panic Disorder
166,Panic Disorder
167,Panic Disorder
168,Panic Disorder
169,Panic Disorder
170,Panic Disorder
171,Panic Disorder
172,Panic Disorder
173,Panic Disorder
174,Panic Disorder
175,Panic Disorder
176,Panic Disorder
177,Panic Disorder
178,Panic Disorder
179,Panic Disorder
180,Panic Disorder
181,Panic Disorder
182,Panic Disorder
183,Panic Disorder
184,Panic Disorder
185,Panic Disorder
186,Panic Disorder
187,Panic Disorder
188,Panic Disorder
189,Panic Disorder
190,Panic Disorder
191,Panic Disorder
192,Panic Disorder
193,Panic Disorder
194,Panic Disorder
195,Panic Disorder
196,Panic Disorder
197,Panic Disorder
198,Panic Disorder
199,Panic Disorder
200,Panic Disorder
201,Panic Disorder
202,Panic Disorder
203,Panic Disorder
204,Panic Disorder
205,Panic Disorder
206,Panic Disorder
207,Panic Disorder
208,Panic Disorder
209,Panic Disorder
210,Panic Disorder
211,Panic Disorder
212,Panic Disorder
213,Panic Disorder
214,Panic Disorder
215,Panic Disorder
216,Panic Disorder
217,Panic Disorder
218,Panic Disorder
219,Panic Disorder
220,Panic Disorder
221,Panic Disorder
222,Panic Disorder
223,Panic Disorder
224,Panic Disorder
225,Panic Disorder
226,Panic Disorder
227,Panic Disorder
228,Panic Disorder
229,Panic Disorder
230,Panic Disorder
231,Panic Disorder
232,Panic Disorder
233,Panic Disorder
234,Panic Disorder
235,Panic Disorder
236,Panic Disorder
237,Panic Disorder
238,Panic Disorder
239,Panic Disorder
240,Panic Disorder
241,Panic Disorder
242,Panic Disorder
